Ticker,Environmental,Governance,Social,ESG Score,Environmental Weight,Governance Weight ,Social weight,,,,,,,,,,,,,,,,,,,,
A UN Equity,3.00,6.42,8.20,17.62,0.17,0.36,0.47,,,,,,,,,,,,,,,,,,,,
AAPL UW Equity,5.65,7.72,4.91,18.27,0.31,0.42,0.27,,,,,,,,,,,,,,,,,,,,
ABBV UN Equity,6.78,7.00,3.44,17.22,0.39,0.41,0.20,,,,,,,,,,,,,,,,,,,,
ABNB UW Equity,3.06,5.79,1.61,10.46,0.29,0.55,0.15,,,,,,,,,,,,,,,,,,,,
ABT UN Equity,4.58,8.51,4.84,17.93,0.26,0.47,0.27,,,,,,,,,,,,,,,,,,,,
ACGL UW Equity,0.18,7.34,0.92,8.45,0.02,0.87,0.11,,,,,,,,,,,,,,,,,,,,
ACN UN Equity,7.47,8.00,2.51,17.98,0.42,0.44,0.14,,,,,,,,,,,,,,,,,,,,
ADBE UW Equity,7.39,7.31,4.69,19.39,0.38,0.38,0.24,,,,,,,,,,,,,,,,,,,,
ADI UW Equity,5.96,8.21,2.27,16.44,0.36,0.50,0.14,,,,,,,,,,,,,,,,,,,,
ADM UN Equity,3.15,7.01,3.65,13.82,0.23,0.51,0.26,,,,,,,,,,,,,,,,,,,,
ADP UW Equity,4.46,8.52,3.17,16.14,0.28,0.53,0.20,,,,,,,,,,,,,,,,,,,,
ADSK UW Equity,5.74,7.03,2.75,15.53,0.37,0.45,0.18,,,,,,,,,,,,,,,,,,,,
AEE UN Equity,4.73,8.07,3.32,16.13,0.29,0.50,0.21,,,,,,,,,,,,,,,,,,,,
AEP UW Equity,4.19,8.25,4.74,17.18,0.24,0.48,0.28,,,,,,,,,,,,,,,,,,,,
AES UN Equity,4.30,7.83,6.39,18.52,0.23,0.42,0.35,,,,,,,,,,,,,,,,,,,,
AFL UN Equity,0.75,6.96,5.01,12.72,0.06,0.55,0.39,,,,,,,,,,,,,,,,,,,,
AIG UN Equity,3.95,7.40,2.31,13.66,0.29,0.54,0.17,,,,,,,,,,,,,,,,,,,,
AIZ UN Equity,0.26,7.65,2.46,10.38,0.03,0.74,0.24,,,,,,,,,,,,,,,,,,,,
AJG UN Equity,3.73,6.94,2.83,13.50,0.28,0.51,0.21,,,,,,,,,,,,,,,,,,,,
AKAM UW Equity,3.60,7.06,2.59,13.25,0.27,0.53,0.20,,,,,,,,,,,,,,,,,,,,
ALB UN Equity,5.52,7.16,4.71,17.39,0.32,0.41,0.27,,,,,,,,,,,,,,,,,,,,
ALGN UW Equity,1.50,6.35,1.20,9.05,0.17,0.70,0.13,,,,,,,,,,,,,,,,,,,,
ALL UN Equity,2.25,7.80,1.86,11.92,0.19,0.65,0.16,,,,,,,,,,,,,,,,,,,,
ALLE UN Equity,2.04,8.45,2.72,13.21,0.15,0.64,0.21,,,,,,,,,,,,,,,,,,,,
AMAT UW Equity,6.77,7.12,5.36,19.26,0.35,0.37,0.28,,,,,,,,,,,,,,,,,,,,
AMCR UN Equity,6.17,7.31,7.86,21.35,0.29,0.34,0.37,,,,,,,,,,,,,,,,,,,,
AMD UW Equity,7.21,8.09,5.68,20.98,0.34,0.39,0.27,,,,,,,,,,,,,,,,,,,,
AME UN Equity,1.97,6.80,9.59,18.36,0.11,0.37,0.52,,,,,,,,,,,,,,,,,,,,
AMGN UW Equity,8.29,7.37,3.66,19.31,0.43,0.38,0.19,,,,,,,,,,,,,,,,,,,,
AMP UN Equity,1.25,7.03,4.18,12.45,0.10,0.56,0.34,,,,,,,,,,,,,,,,,,,,
AMT UN Equity,3.25,8.61,7.29,19.16,0.17,0.45,0.38,,,,,,,,,,,,,,,,,,,,
AMZN UW Equity,4.25,7.04,2.99,14.29,0.30,0.49,0.21,,,,,,,,,,,,,,,,,,,,
ANET UN Equity,3.00,5.58,3.10,11.67,0.26,0.48,0.27,,,,,,,,,,,,,,,,,,,,
AON UN Equity,5.47,7.23,3.28,15.98,0.34,0.45,0.21,,,,,,,,,,,,,,,,,,,,
AOS UN Equity,1.44,6.98,1.73,10.14,0.14,0.69,0.17,,,,,,,,,,,,,,,,,,,,
APA UW Equity,3.98,8.15,4.17,16.29,0.24,0.50,0.26,,,,,,,,,,,,,,,,,,,,
APD UN Equity,5.12,7.83,3.68,16.62,0.31,0.47,0.22,,,,,,,,,,,,,,,,,,,,
APH UN Equity,4.03,7.53,3.68,15.25,0.26,0.49,0.24,,,,,,,,,,,,,,,,,,,,
APO UN Equity,1.56,6.52,5.62,13.70,0.11,0.48,0.41,,,,,,,,,,,,,,,,,,,,
APP UW Equity,0.00,6.84,0.90,7.74,0.00,0.88,0.12,,,,,,,,,,,,,,,,,,,,
APTV UN Equity,3.78,7.71,5.72,17.21,0.22,0.45,0.33,,,,,,,,,,,,,,,,,,,,
ARE UN Equity,3.43,6.69,7.32,17.44,0.20,0.38,0.42,,,,,,,,,,,,,,,,,,,,
ARES UN Equity,1.95,5.90,6.16,14.01,0.14,0.42,0.44,,,,,,,,,,,,,,,,,,,,
ATO UN Equity,3.04,7.26,1.53,11.83,0.26,0.61,0.13,,,,,,,,,,,,,,,,,,,,
AVB UN Equity,5.74,7.12,7.31,20.17,0.28,0.35,0.36,,,,,,,,,,,,,,,,,,,,
AVGO UW Equity,5.44,7.79,2.52,15.75,0.35,0.49,0.16,,,,,,,,,,,,,,,,,,,,
AVY UN Equity,5.16,7.41,2.33,14.90,0.35,0.50,0.16,,,,,,,,,,,,,,,,,,,,
AWK UN Equity,2.83,8.11,4.30,15.25,0.19,0.53,0.28,,,,,,,,,,,,,,,,,,,,
AXON UW Equity,4.06,7.05,3.69,14.80,0.27,0.48,0.25,,,,,,,,,,,,,,,,,,,,
AXP UN Equity,8.18,7.78,3.41,19.36,0.42,0.40,0.18,,,,,,,,,,,,,,,,,,,,
AZO UN Equity,3.81,7.42,4.46,15.70,0.24,0.47,0.28,,,,,,,,,,,,,,,,,,,,
BA UN Equity,5.92,7.58,3.39,16.88,0.35,0.45,0.20,,,,,,,,,,,,,,,,,,,,
BAC UN Equity,5.35,7.03,4.89,17.26,0.31,0.41,0.28,,,,,,,,,,,,,,,,,,,,
BALL UN Equity,3.18,6.03,6.26,15.46,0.21,0.39,0.40,,,,,,,,,,,,,,,,,,,,
BAX UN Equity,1.50,7.78,4.54,13.82,0.11,0.56,0.33,,,,,,,,,,,,,,,,,,,,
BBY UN Equity,5.60,8.82,8.65,23.06,0.24,0.38,0.37,,,,,,,,,,,,,,,,,,,,
BDX UN Equity,3.00,7.94,3.86,14.80,0.20,0.54,0.26,,,,,,,,,,,,,,,,,,,,
BEN UN Equity,3.77,6.86,7.95,18.59,0.20,0.37,0.43,,,,,,,,,,,,,,,,,,,,
BF/B UN Equity,4.12,6.84,4.49,15.46,0.27,0.44,0.29,,,,,,,,,,,,,,,,,,,,
BG UN Equity,3.48,8.86,5.67,18.01,0.19,0.49,0.31,,,,,,,,,,,,,,,,,,,,
BIIB UW Equity,7.17,7.56,5.72,20.44,0.35,0.37,0.28,,,,,,,,,,,,,,,,,,,,
BK UN Equity,1.37,8.77,4.36,14.50,0.09,0.60,0.30,,,,,,,,,,,,,,,,,,,,
BKNG UW Equity,5.86,8.47,2.15,16.49,0.36,0.51,0.13,,,,,,,,,,,,,,,,,,,,
BKR UW Equity,3.76,7.28,5.60,16.63,0.23,0.44,0.34,,,,,,,,,,,,,,,,,,,,
BLDR UN Equity,2.98,6.50,4.88,14.36,0.21,0.45,0.34,,,,,,,,,,,,,,,,,,,,
BLK UN Equity,4.26,6.92,6.23,17.41,0.24,0.40,0.36,,,,,,,,,,,,,,,,,,,,
BMY UN Equity,6.85,8.13,5.31,20.29,0.34,0.40,0.26,,,,,,,,,,,,,,,,,,,,
BR UN Equity,3.18,8.19,2.50,13.87,0.23,0.59,0.18,,,,,,,,,,,,,,,,,,,,
BRK/B UN Equity,0.00,5.17,1.12,6.29,0.00,0.82,0.18,,,,,,,,,,,,,,,,,,,,
BRO UN Equity,0.00,6.38,5.69,12.07,0.00,0.53,0.47,,,,,,,,,,,,,,,,,,,,
BSX UN Equity,1.50,6.86,5.99,14.34,0.10,0.48,0.42,,,,,,,,,,,,,,,,,,,,
BX UN Equity,0.57,4.78,1.86,7.21,0.08,0.66,0.26,,,,,,,,,,,,,,,,,,,,
BXP UN Equity,5.25,6.78,7.62,19.65,0.27,0.35,0.39,,,,,,,,,,,,,,,,,,,,
C UN Equity,3.86,7.87,2.11,13.84,0.28,0.57,0.15,,,,,,,,,,,,,,,,,,,,
CAG UN Equity,4.12,7.47,3.62,15.21,0.27,0.49,0.24,,,,,,,,,,,,,,,,,,,,
CAH UN Equity,4.85,8.41,2.71,15.97,0.30,0.53,0.17,,,,,,,,,,,,,,,,,,,,
CARR UN Equity,7.28,7.27,3.68,18.23,0.40,0.40,0.20,,,,,,,,,,,,,,,,,,,,
CASY UW Equity,1.90,8.67,6.26,16.83,0.11,0.52,0.37,,,,,,,,,,,,,,,,,,,,
CAT UN Equity,5.31,8.22,2.31,15.85,0.34,0.52,0.15,,,,,,,,,,,,,,,,,,,,
CB UN Equity,0.71,7.08,1.08,8.88,0.08,0.80,0.12,,,,,,,,,,,,,,,,,,,,
CBOE UF Equity,8.79,8.08,8.91,25.78,0.34,0.31,0.35,,,,,,,,,,,,,,,,,,,,
CBRE UN Equity,6.40,7.94,6.16,20.50,0.31,0.39,0.30,,,,,,,,,,,,,,,,,,,,
CCI UN Equity,3.23,8.27,6.07,17.57,0.18,0.47,0.35,,,,,,,,,,,,,,,,,,,,
CCL UN Equity,8.01,6.75,3.28,18.04,0.44,0.37,0.18,,,,,,,,,,,,,,,,,,,,
CDNS UW Equity,7.29,8.18,3.42,18.89,0.39,0.43,0.18,,,,,,,,,,,,,,,,,,,,
CDW UW Equity,4.67,8.16,2.73,15.57,0.30,0.52,0.18,,,,,,,,,,,,,,,,,,,,
CEG UW Equity,5.52,6.83,4.75,17.10,0.32,0.40,0.28,,,,,,,,,,,,,,,,,,,,
CF UN Equity,2.55,8.30,5.77,16.62,0.15,0.50,0.35,,,,,,,,,,,,,,,,,,,,
CFG UN Equity,1.89,7.00,8.33,17.22,0.11,0.41,0.48,,,,,,,,,,,,,,,,,,,,
CHD UN Equity,6.54,6.72,3.83,17.09,0.38,0.39,0.22,,,,,,,,,,,,,,,,,,,,
CHRW UW Equity,4.16,7.27,4.63,16.06,0.26,0.45,0.29,,,,,,,,,,,,,,,,,,,,
CHTR UW Equity,3.21,7.42,2.58,13.22,0.24,0.56,0.20,,,,,,,,,,,,,,,,,,,,
CI UN Equity,8.24,8.01,4.24,20.48,0.40,0.39,0.21,,,,,,,,,,,,,,,,,,,,
CIEN UN Equity,1.00,6.37,2.99,10.36,0.10,0.61,0.29,,,,,,,,,,,,,,,,,,,,
CINF UW Equity,0.16,7.44,1.01,8.61,0.02,0.86,0.12,,,,,,,,,,,,,,,,,,,,
CL UN Equity,6.08,7.92,3.07,17.07,0.36,0.46,0.18,,,,,,,,,,,,,,,,,,,,
CLX UN Equity,5.77,8.31,2.41,16.49,0.35,0.50,0.15,,,,,,,,,,,,,,,,,,,,
CMCSA UW Equity,2.96,6.40,4.62,13.97,0.21,0.46,0.33,,,,,,,,,,,,,,,,,,,,
CME UW Equity,7.76,6.02,8.38,22.15,0.35,0.27,0.38,,,,,,,,,,,,,,,,,,,,
CMG UN Equity,4.52,8.09,2.11,14.72,0.31,0.55,0.14,,,,,,,,,,,,,,,,,,,,
CMI UN Equity,5.32,8.18,2.35,15.85,0.34,0.52,0.15,,,,,,,,,,,,,,,,,,,,
CMS UN Equity,4.67,7.94,4.75,17.36,0.27,0.46,0.27,,,,,,,,,,,,,,,,,,,,
CNC UN Equity,6.15,8.31,5.55,20.01,0.31,0.42,0.28,,,,,,,,,,,,,,,,,,,,
CNP UN Equity,4.78,7.83,3.44,16.05,0.30,0.49,0.21,,,,,,,,,,,,,,,,,,,,
COF UN Equity,8.74,7.72,3.29,19.74,0.44,0.39,0.17,,,,,,,,,,,,,,,,,,,,
COHR UN Equity,5.86,6.75,4.74,17.35,0.34,0.39,0.27,,,,,,,,,,,,,,,,,,,,
COIN UW Equity,0.00,5.95,1.73,7.68,0.00,0.77,0.23,,,,,,,,,,,,,,,,,,,,
COO UW Equity,1.50,8.01,7.73,17.24,0.09,0.46,0.45,,,,,,,,,,,,,,,,,,,,
COP UN Equity,5.92,6.67,5.01,17.60,0.34,0.38,0.28,,,,,,,,,,,,,,,,,,,,
COR UN Equity,8.19,8.04,2.11,18.34,0.45,0.44,0.11,,,,,,,,,,,,,,,,,,,,
COST UW Equity,3.17,8.04,2.96,14.17,0.22,0.57,0.21,,,,,,,,,,,,,,,,,,,,
CPAY UN Equity,1.51,6.29,2.18,9.97,0.15,0.63,0.22,,,,,,,,,,,,,,,,,,,,
CPB UW Equity,5.07,8.46,5.32,18.85,0.27,0.45,0.28,,,,,,,,,,,,,,,,,,,,
CPRT UW Equity,2.42,7.10,2.99,12.52,0.19,0.57,0.24,,,,,,,,,,,,,,,,,,,,
CPT UN Equity,2.18,6.61,8.63,17.43,0.12,0.38,0.50,,,,,,,,,,,,,,,,,,,,
CRH UN Equity,5.11,8.28,7.21,20.61,0.25,0.40,0.35,,,,,,,,,,,,,,,,,,,,
CRL UN Equity,7.02,7.10,4.69,18.80,0.37,0.38,0.25,,,,,,,,,,,,,,,,,,,,
CRM UN Equity,6.41,7.48,3.67,17.55,0.37,0.43,0.21,,,,,,,,,,,,,,,,,,,,
CRWD UW Equity,1.61,5.47,2.21,9.29,0.17,0.59,0.24,,,,,,,,,,,,,,,,,,,,
CSCO UW Equity,6.80,7.83,3.95,18.59,0.37,0.42,0.21,,,,,,,,,,,,,,,,,,,,
CSGP UW Equity,5.97,7.01,2.45,15.43,0.39,0.45,0.16,,,,,,,,,,,,,,,,,,,,
CSX UW Equity,5.97,7.61,4.89,18.47,0.32,0.41,0.26,,,,,,,,,,,,,,,,,,,,
CTAS UW Equity,3.13,6.78,7.57,17.47,0.18,0.39,0.43,,,,,,,,,,,,,,,,,,,,
CTRA UN Equity,5.26,7.98,3.73,16.97,0.31,0.47,0.22,,,,,,,,,,,,,,,,,,,,
CTSH UW Equity,5.19,7.65,3.26,16.10,0.32,0.48,0.20,,,,,,,,,,,,,,,,,,,,
CTVA UN Equity,5.08,7.54,6.35,18.96,0.27,0.40,0.33,,,,,,,,,,,,,,,,,,,,
CVNA UN Equity,0.00,6.08,2.50,8.58,0.00,0.71,0.29,,,,,,,,,,,,,,,,,,,,
CVS UN Equity,5.29,7.76,2.11,15.16,0.35,0.51,0.14,,,,,,,,,,,,,,,,,,,,
CVX UN Equity,5.75,8.01,3.07,16.82,0.34,0.48,0.18,,,,,,,,,,,,,,,,,,,,
D UN Equity,3.91,8.48,4.21,16.59,0.24,0.51,0.25,,,,,,,,,,,,,,,,,,,,
DAL UN Equity,7.15,8.09,4.79,20.03,0.36,0.40,0.24,,,,,,,,,,,,,,,,,,,,
DASH UW Equity,0.00,5.76,1.83,7.58,0.00,0.76,0.24,,,,,,,,,,,,,,,,,,,,
DD UN Equity,5.34,7.72,8.15,21.22,0.25,0.36,0.38,,,,,,,,,,,,,,,,,,,,
DDOG UW Equity,2.51,5.88,2.88,11.27,0.22,0.52,0.26,,,,,,,,,,,,,,,,,,,,
DE UN Equity,5.58,7.92,3.63,17.13,0.33,0.46,0.21,,,,,,,,,,,,,,,,,,,,
DECK UN Equity,3.05,8.06,2.47,13.57,0.22,0.59,0.18,,,,,,,,,,,,,,,,,,,,
DELL UN Equity,6.63,6.78,4.12,17.53,0.38,0.39,0.24,,,,,,,,,,,,,,,,,,,,
DG UN Equity,0.72,7.43,2.63,10.78,0.07,0.69,0.24,,,,,,,,,,,,,,,,,,,,
DGX UN Equity,5.37,7.98,4.31,17.65,0.30,0.45,0.24,,,,,,,,,,,,,,,,,,,,
DHI UN Equity,2.53,7.63,3.77,13.93,0.18,0.55,0.27,,,,,,,,,,,,,,,,,,,,
DHR UN Equity,1.50,6.65,5.96,14.11,0.11,0.47,0.42,,,,,,,,,,,,,,,,,,,,
DIS UN Equity,4.70,8.10,2.33,15.13,0.31,0.54,0.15,,,,,,,,,,,,,,,,,,,,
DLR UN Equity,6.25,8.06,3.82,18.13,0.34,0.44,0.21,,,,,,,,,,,,,,,,,,,,
DLTR UW Equity,1.81,7.31,2.22,11.35,0.16,0.64,0.20,,,,,,,,,,,,,,,,,,,,
DOC UN Equity,3.78,7.91,8.20,19.89,0.19,0.40,0.41,,,,,,,,,,,,,,,,,,,,
DOV UN Equity,3.99,7.78,4.31,16.08,0.25,0.48,0.27,,,,,,,,,,,,,,,,,,,,
DOW UN Equity,4.90,7.43,5.04,17.37,0.28,0.43,0.29,,,,,,,,,,,,,,,,,,,,
DPZ UW Equity,2.75,6.87,2.01,11.63,0.24,0.59,0.17,,,,,,,,,,,,,,,,,,,,
DRI UN Equity,2.89,7.37,2.11,12.37,0.23,0.60,0.17,,,,,,,,,,,,,,,,,,,,
DTE UN Equity,3.56,8.36,5.08,17.01,0.21,0.49,0.30,,,,,,,,,,,,,,,,,,,,
DUK UN Equity,3.94,7.96,4.82,16.72,0.24,0.48,0.29,,,,,,,,,,,,,,,,,,,,
DVA UN Equity,5.76,8.40,1.70,15.86,0.36,0.53,0.11,,,,,,,,,,,,,,,,,,,,
DVN UN Equity,4.76,8.39,3.11,16.25,0.29,0.52,0.19,,,,,,,,,,,,,,,,,,,,
DXCM UW Equity,1.50,7.27,7.53,16.30,0.09,0.45,0.46,,,,,,,,,,,,,,,,,,,,
EA UW Equity,8.42,8.11,2.43,18.95,0.44,0.43,0.13,,,,,,,,,,,,,,,,,,,,
EBAY UW Equity,5.99,8.32,6.39,20.70,0.29,0.40,0.31,,,,,,,,,,,,,,,,,,,,
ECL UN Equity,5.97,7.71,6.58,20.25,0.29,0.38,0.32,,,,,,,,,,,,,,,,,,,,
ED UN Equity,3.59,8.02,6.00,17.61,0.20,0.46,0.34,,,,,,,,,,,,,,,,,,,,
EFX UN Equity,2.75,7.46,1.43,11.65,0.24,0.64,0.12,,,,,,,,,,,,,,,,,,,,
EG UN Equity,0.35,7.59,5.97,13.91,0.03,0.55,0.43,,,,,,,,,,,,,,,,,,,,
EIX UN Equity,6.06,8.66,4.72,19.44,0.31,0.45,0.24,,,,,,,,,,,,,,,,,,,,
EL UN Equity,6.31,5.54,2.39,14.24,0.44,0.39,0.17,,,,,,,,,,,,,,,,,,,,
ELV UN Equity,9.17,7.56,4.53,21.26,0.43,0.36,0.21,,,,,,,,,,,,,,,,,,,,
EME UN Equity,3.45,7.47,3.94,14.85,0.23,0.50,0.27,,,,,,,,,,,,,,,,,,,,
EMR UN Equity,9.25,6.39,6.46,22.11,0.42,0.29,0.29,,,,,,,,,,,,,,,,,,,,
EOG UN Equity,4.93,7.83,2.85,15.60,0.32,0.50,0.18,,,,,,,,,,,,,,,,,,,,
EPAM UN Equity,2.47,6.24,2.16,10.87,0.23,0.57,0.20,,,,,,,,,,,,,,,,,,,,
EQIX UW Equity,7.31,7.78,3.67,18.76,0.39,0.41,0.20,,,,,,,,,,,,,,,,,,,,
EQR UN Equity,2.93,8.25,8.34,19.51,0.15,0.42,0.43,,,,,,,,,,,,,,,,,,,,
EQT UN Equity,6.64,8.22,5.46,20.32,0.33,0.40,0.27,,,,,,,,,,,,,,,,,,,,
ERIE UW Equity,0.00,6.56,0.73,7.29,0.00,0.90,0.10,,,,,,,,,,,,,,,,,,,,
ES UN Equity,2.89,7.97,5.38,16.24,0.18,0.49,0.33,,,,,,,,,,,,,,,,,,,,
ESS UN Equity,5.51,7.25,9.70,22.47,0.25,0.32,0.43,,,,,,,,,,,,,,,,,,,,
ETN UN Equity,7.21,7.71,10.00,24.92,0.29,0.31,0.40,,,,,,,,,,,,,,,,,,,,
ETR UN Equity,5.28,8.10,4.05,17.43,0.30,0.46,0.23,,,,,,,,,,,,,,,,,,,,
EVRG UW Equity,3.74,7.99,4.48,16.22,0.23,0.49,0.28,,,,,,,,,,,,,,,,,,,,
EW UN Equity,1.50,8.13,4.93,14.56,0.10,0.56,0.34,,,,,,,,,,,,,,,,,,,,
EXC UW Equity,4.57,7.63,4.65,16.84,0.27,0.45,0.28,,,,,,,,,,,,,,,,,,,,
EXE UW Equity,5.72,7.55,4.49,17.76,0.32,0.43,0.25,,,,,,,,,,,,,,,,,,,,
EXPD UN Equity,3.93,7.06,2.91,13.91,0.28,0.51,0.21,,,,,,,,,,,,,,,,,,,,
EXPE UW Equity,5.63,6.00,4.39,16.02,0.35,0.37,0.27,,,,,,,,,,,,,,,,,,,,
EXR UN Equity,3.22,7.46,5.76,16.43,0.20,0.45,0.35,,,,,,,,,,,,,,,,,,,,
F UN Equity,6.07,6.28,4.75,17.09,0.36,0.37,0.28,,,,,,,,,,,,,,,,,,,,
FANG UW Equity,5.72,8.25,3.32,17.29,0.33,0.48,0.19,,,,,,,,,,,,,,,,,,,,
FAST UW Equity,2.27,7.97,2.50,12.74,0.18,0.63,0.20,,,,,,,,,,,,,,,,,,,,
FCX UN Equity,6.64,8.44,8.04,23.11,0.29,0.36,0.35,,,,,,,,,,,,,,,,,,,,
FDS UN Equity,5.21,7.95,4.23,17.39,0.30,0.46,0.24,,,,,,,,,,,,,,,,,,,,
FDX UN Equity,3.67,7.68,2.45,13.80,0.27,0.56,0.18,,,,,,,,,,,,,,,,,,,,
FE UN Equity,3.16,7.81,4.77,15.74,0.20,0.50,0.30,,,,,,,,,,,,,,,,,,,,
FFIV UW Equity,0.00,7.49,2.20,9.69,0.00,0.77,0.23,,,,,,,,,,,,,,,,,,,,
FICO UN Equity,0.00,6.63,1.90,8.54,0.00,0.78,0.22,,,,,,,,,,,,,,,,,,,,
FIS UN Equity,4.70,7.28,2.21,14.19,0.33,0.51,0.16,,,,,,,,,,,,,,,,,,,,
FISV UW Equity,3.35,7.92,2.52,13.79,0.24,0.57,0.18,,,,,,,,,,,,,,,,,,,,
FITB UW Equity,0.77,8.00,3.04,11.81,0.07,0.68,0.26,,,,,,,,,,,,,,,,,,,,
FIX UN Equity,1.33,6.43,4.63,12.39,0.11,0.52,0.37,,,,,,,,,,,,,,,,,,,,
FOX UW Equity,3.64,6.07,1.80,11.51,0.32,0.53,0.16,,,,,,,,,,,,,,,,,,,,
FOXA UW Equity,3.64,6.07,1.80,11.51,0.32,0.53,0.16,,,,,,,,,,,,,,,,,,,,
FRT UN Equity,4.04,8.30,8.11,20.45,0.20,0.41,0.40,,,,,,,,,,,,,,,,,,,,
FSLR UW Equity,4.24,6.86,6.14,17.25,0.25,0.40,0.36,,,,,,,,,,,,,,,,,,,,
FTNT UW Equity,6.44,6.63,1.26,14.34,0.45,0.46,0.09,,,,,,,,,,,,,,,,,,,,
FTV UN Equity,3.60,7.47,2.72,13.79,0.26,0.54,0.20,,,,,,,,,,,,,,,,,,,,
GD UN Equity,5.63,7.28,9.05,21.97,0.26,0.33,0.41,,,,,,,,,,,,,,,,,,,,
GDDY UN Equity,5.34,7.33,5.86,18.54,0.29,0.40,0.32,,,,,,,,,,,,,,,,,,,,
GE UN Equity,6.05,7.09,4.45,17.59,0.34,0.40,0.25,,,,,,,,,,,,,,,,,,,,
GEHC UW Equity,7.95,8.01,6.62,22.59,0.35,0.35,0.29,,,,,,,,,,,,,,,,,,,,
GEN UW Equity,5.43,8.36,4.99,18.78,0.29,0.45,0.27,,,,,,,,,,,,,,,,,,,,
GEV UN Equity,1.23,6.50,2.72,10.45,0.12,0.62,0.26,,,,,,,,,,,,,,,,,,,,
GILD UW Equity,7.53,8.07,5.14,20.73,0.36,0.39,0.25,,,,,,,,,,,,,,,,,,,,
GIS UN Equity,7.46,7.40,4.76,19.62,0.38,0.38,0.24,,,,,,,,,,,,,,,,,,,,
GL UN Equity,0.22,8.55,1.08,9.85,0.02,0.87,0.11,,,,,,,,,,,,,,,,,,,,
GLW UN Equity,1.00,6.62,2.79,10.41,0.10,0.64,0.27,,,,,,,,,,,,,,,,,,,,
GM UN Equity,4.58,7.99,5.70,18.26,0.25,0.44,0.31,,,,,,,,,,,,,,,,,,,,
GNRC UN Equity,4.38,5.62,6.70,16.70,0.26,0.34,0.40,,,,,,,,,,,,,,,,,,,,
GOOG UW Equity,5.32,6.59,2.56,14.46,0.37,0.46,0.18,,,,,,,,,,,,,,,,,,,,
GOOGL UW Equity,5.32,6.59,2.56,14.46,0.37,0.46,0.18,,,,,,,,,,,,,,,,,,,,
GPC UN Equity,3.17,7.58,6.13,16.89,0.19,0.45,0.36,,,,,,,,,,,,,,,,,,,,
GPN UN Equity,5.07,7.80,1.46,14.32,0.35,0.54,0.10,,,,,,,,,,,,,,,,,,,,
GRMN UN Equity,2.00,6.26,2.06,10.33,0.19,0.61,0.20,,,,,,,,,,,,,,,,,,,,
GS UN Equity,4.90,7.88,3.89,16.67,0.29,0.47,0.23,,,,,,,,,,,,,,,,,,,,
GWW UN Equity,3.37,7.93,0.54,11.83,0.28,0.67,0.05,,,,,,,,,,,,,,,,,,,,
HAL UN Equity,3.01,7.26,6.14,16.41,0.18,0.44,0.37,,,,,,,,,,,,,,,,,,,,
HAS UW Equity,3.55,6.87,9.29,19.71,0.18,0.35,0.47,,,,,,,,,,,,,,,,,,,,
HBAN UW Equity,0.98,7.02,4.32,12.32,0.08,0.57,0.35,,,,,,,,,,,,,,,,,,,,
HCA UN Equity,0.46,7.36,4.85,12.67,0.04,0.58,0.38,,,,,,,,,,,,,,,,,,,,
HD UN Equity,4.80,7.78,6.31,18.89,0.25,0.41,0.33,,,,,,,,,,,,,,,,,,,,
HIG UN Equity,1.04,7.26,2.60,10.91,0.10,0.67,0.24,,,,,,,,,,,,,,,,,,,,
HII UN Equity,2.82,8.31,3.80,14.93,0.19,0.56,0.25,,,,,,,,,,,,,,,,,,,,
HLT UN Equity,3.27,7.59,7.19,18.05,0.18,0.42,0.40,,,,,,,,,,,,,,,,,,,,
HON UW Equity,5.55,8.37,4.03,17.94,0.31,0.47,0.22,,,,,,,,,,,,,,,,,,,,
HOOD UW Equity,0.00,6.73,1.86,8.59,0.00,0.78,0.22,,,,,,,,,,,,,,,,,,,,
HPE UN Equity,4.27,7.46,4.16,15.88,0.27,0.47,0.26,,,,,,,,,,,,,,,,,,,,
HPQ UN Equity,4.24,7.77,3.96,15.97,0.27,0.49,0.25,,,,,,,,,,,,,,,,,,,,
HRL UN Equity,4.83,7.47,3.54,15.84,0.30,0.47,0.22,,,,,,,,,,,,,,,,,,,,
HSIC UW Equity,4.20,7.24,2.11,13.54,0.31,0.53,0.16,,,,,,,,,,,,,,,,,,,,
HST UW Equity,4.99,7.04,7.85,19.89,0.25,0.35,0.39,,,,,,,,,,,,,,,,,,,,
HSY UN Equity,6.56,7.84,5.35,19.75,0.33,0.40,0.27,,,,,,,,,,,,,,,,,,,,
HUBB UN Equity,2.70,7.64,9.44,19.78,0.14,0.39,0.48,,,,,,,,,,,,,,,,,,,,
HUM UN Equity,3.57,7.37,5.49,16.43,0.22,0.45,0.33,,,,,,,,,,,,,,,,,,,,
HWM UN Equity,3.01,7.45,7.63,18.09,0.17,0.41,0.42,,,,,,,,,,,,,,,,,,,,
IBKR UW Equity,0.34,5.82,1.85,8.01,0.04,0.73,0.23,,,,,,,,,,,,,,,,,,,,
IBM UN Equity,6.36,7.49,3.27,17.12,0.37,0.44,0.19,,,,,,,,,,,,,,,,,,,,
ICE UN Equity,8.00,8.19,2.97,19.16,0.42,0.43,0.16,,,,,,,,,,,,,,,,,,,,
IDXX UW Equity,1.50,6.94,6.58,15.02,0.10,0.46,0.44,,,,,,,,,,,,,,,,,,,,
IEX UN Equity,2.70,7.57,4.08,14.35,0.19,0.53,0.28,,,,,,,,,,,,,,,,,,,,
IFF UN Equity,4.94,7.01,3.48,15.43,0.32,0.45,0.23,,,,,,,,,,,,,,,,,,,,
INCY UW Equity,7.71,7.01,2.32,17.04,0.45,0.41,0.14,,,,,,,,,,,,,,,,,,,,
INTC UW Equity,6.32,7.36,4.97,18.66,0.34,0.39,0.27,,,,,,,,,,,,,,,,,,,,
INTU UW Equity,7.09,8.08,1.84,17.02,0.42,0.47,0.11,,,,,,,,,,,,,,,,,,,,
INVH UN Equity,1.72,8.66,8.64,19.02,0.09,0.46,0.45,,,,,,,,,,,,,,,,,,,,
IP UN Equity,4.90,7.74,5.79,18.44,0.27,0.42,0.31,,,,,,,,,,,,,,,,,,,,
IQV UN Equity,6.63,6.82,1.95,15.40,0.43,0.44,0.13,,,,,,,,,,,,,,,,,,,,
IR UN Equity,5.26,7.48,7.83,20.56,0.26,0.36,0.38,,,,,,,,,,,,,,,,,,,,
IRM UN Equity,2.64,7.42,5.60,15.66,0.17,0.47,0.36,,,,,,,,,,,,,,,,,,,,
ISRG UW Equity,1.50,8.19,2.28,11.97,0.13,0.68,0.19,,,,,,,,,,,,,,,,,,,,
IT UN Equity,4.88,7.53,2.69,15.09,0.32,0.50,0.18,,,,,,,,,,,,,,,,,,,,
ITW UN Equity,8.44,7.10,4.17,19.70,0.43,0.36,0.21,,,,,,,,,,,,,,,,,,,,
IVZ UN Equity,3.71,8.28,2.51,14.50,0.26,0.57,0.17,,,,,,,,,,,,,,,,,,,,
J UN Equity,5.40,7.33,3.43,16.16,0.33,0.45,0.21,,,,,,,,,,,,,,,,,,,,
JBHT UW Equity,3.69,7.46,2.68,13.82,0.27,0.54,0.19,,,,,,,,,,,,,,,,,,,,
JBL UN Equity,2.43,7.08,4.78,14.29,0.17,0.50,0.33,,,,,,,,,,,,,,,,,,,,
JCI UN Equity,4.48,7.05,10.00,21.53,0.21,0.33,0.46,,,,,,,,,,,,,,,,,,,,
JKHY UW Equity,3.12,7.83,2.37,13.32,0.23,0.59,0.18,,,,,,,,,,,,,,,,,,,,
JNJ UN Equity,8.02,7.90,4.37,20.29,0.40,0.39,0.22,,,,,,,,,,,,,,,,,,,,
JPM UN Equity,5.04,7.83,2.88,15.76,0.32,0.50,0.18,,,,,,,,,,,,,,,,,,,,
KDP UW Equity,5.91,7.35,2.86,16.12,0.37,0.46,0.18,,,,,,,,,,,,,,,,,,,,
KEY UN Equity,0.92,7.54,3.08,11.54,0.08,0.65,0.27,,,,,,,,,,,,,,,,,,,,
KEYS UN Equity,3.05,6.52,7.02,16.59,0.18,0.39,0.42,,,,,,,,,,,,,,,,,,,,
KHC UW Equity,4.55,7.68,3.23,15.47,0.29,0.50,0.21,,,,,,,,,,,,,,,,,,,,
KIM UN Equity,3.78,7.64,8.19,19.61,0.19,0.39,0.42,,,,,,,,,,,,,,,,,,,,
KKR UN Equity,0.49,4.46,6.33,11.27,0.04,0.40,0.56,,,,,,,,,,,,,,,,,,,,
KLAC UW Equity,6.95,7.58,3.15,17.68,0.39,0.43,0.18,,,,,,,,,,,,,,,,,,,,
KMB UW Equity,5.06,7.77,6.54,19.37,0.26,0.40,0.34,,,,,,,,,,,,,,,,,,,,
KMI UN Equity,5.65,6.62,1.91,14.19,0.40,0.47,0.13,,,,,,,,,,,,,,,,,,,,
KO UN Equity,6.15,7.89,2.11,16.15,0.38,0.49,0.13,,,,,,,,,,,,,,,,,,,,
KR UN Equity,4.78,6.93,5.77,17.48,0.27,0.40,0.33,,,,,,,,,,,,,,,,,,,,
KVUE UN Equity,3.63,8.32,4.00,15.95,0.23,0.52,0.25,,,,,,,,,,,,,,,,,,,,
L UN Equity,0.00,6.56,1.09,7.64,0.00,0.86,0.14,,,,,,,,,,,,,,,,,,,,
LDOS UN Equity,3.37,7.82,2.77,13.95,0.24,0.56,0.20,,,,,,,,,,,,,,,,,,,,
LEN UN Equity,0.26,6.56,3.00,9.82,0.03,0.67,0.31,,,,,,,,,,,,,,,,,,,,
LH UN Equity,5.65,8.12,2.60,16.37,0.35,0.50,0.16,,,,,,,,,,,,,,,,,,,,
LHX UN Equity,5.18,7.96,6.91,20.05,0.26,0.40,0.34,,,,,,,,,,,,,,,,,,,,
LII UN Equity,7.48,7.20,9.59,24.27,0.31,0.30,0.40,,,,,,,,,,,,,,,,,,,,
LIN UW Equity,5.11,7.80,7.38,20.29,0.25,0.38,0.36,,,,,,,,,,,,,,,,,,,,
LITE UW Equity,2.00,6.62,3.50,12.12,0.17,0.55,0.29,,,,,,,,,,,,,,,,,,,,
LLY UN Equity,6.13,6.54,4.07,16.74,0.37,0.39,0.24,,,,,,,,,,,,,,,,,,,,
LMT UN Equity,7.33,8.27,6.50,22.10,0.33,0.37,0.29,,,,,,,,,,,,,,,,,,,,
LNT UW Equity,4.78,7.67,5.66,18.12,0.26,0.42,0.31,,,,,,,,,,,,,,,,,,,,
LOW UN Equity,4.31,7.78,3.34,15.43,0.28,0.50,0.22,,,,,,,,,,,,,,,,,,,,
LRCX UW Equity,5.22,7.86,2.68,15.76,0.33,0.50,0.17,,,,,,,,,,,,,,,,,,,,
LULU UW Equity,6.45,6.20,2.04,14.69,0.44,0.42,0.14,,,,,,,,,,,,,,,,,,,,
LUV UN Equity,6.08,8.16,6.67,20.91,0.29,0.39,0.32,,,,,,,,,,,,,,,,,,,,
LVS UN Equity,7.09,5.53,9.23,21.85,0.32,0.25,0.42,,,,,,,,,,,,,,,,,,,,
LYB UN Equity,4.53,6.97,7.70,19.21,0.24,0.36,0.40,,,,,,,,,,,,,,,,,,,,
LYV UN Equity,6.36,6.00,1.25,13.61,0.47,0.44,0.09,,,,,,,,,,,,,,,,,,,,
MA UN Equity,6.88,8.11,2.67,17.67,0.39,0.46,0.15,,,,,,,,,,,,,,,,,,,,
MAA UN Equity,3.07,7.29,7.34,17.69,0.17,0.41,0.41,,,,,,,,,,,,,,,,,,,,
MAR UW Equity,2.86,7.89,3.72,14.46,0.20,0.55,0.26,,,,,,,,,,,,,,,,,,,,
MAS UN Equity,4.57,6.69,3.10,14.36,0.32,0.47,0.22,,,,,,,,,,,,,,,,,,,,
MCD UN Equity,5.05,8.10,2.18,15.33,0.33,0.53,0.14,,,,,,,,,,,,,,,,,,,,
MCHP UW Equity,5.36,6.40,5.03,16.79,0.32,0.38,0.30,,,,,,,,,,,,,,,,,,,,
MCK UN Equity,8.22,8.29,2.80,19.31,0.43,0.43,0.14,,,,,,,,,,,,,,,,,,,,
MCO UN Equity,3.93,8.05,2.75,14.73,0.27,0.55,0.19,,,,,,,,,,,,,,,,,,,,
MDLZ UW Equity,5.40,7.69,6.40,19.49,0.28,0.39,0.33,,,,,,,,,,,,,,,,,,,,
MDT UN Equity,1.50,7.20,7.77,16.46,0.09,0.44,0.47,,,,,,,,,,,,,,,,,,,,
MET UN Equity,4.20,8.34,2.46,15.00,0.28,0.56,0.16,,,,,,,,,,,,,,,,,,,,
META UW Equity,7.28,5.54,3.59,16.41,0.44,0.34,0.22,,,,,,,,,,,,,,,,,,,,
MGM UN Equity,5.14,7.90,6.45,19.49,0.26,0.41,0.33,,,,,,,,,,,,,,,,,,,,
MKC UN Equity,4.20,7.02,2.85,14.08,0.30,0.50,0.20,,,,,,,,,,,,,,,,,,,,
MLM UN Equity,3.82,7.12,6.32,17.26,0.22,0.41,0.37,,,,,,,,,,,,,,,,,,,,
MMM UN Equity,7.13,7.58,4.52,19.23,0.37,0.39,0.24,,,,,,,,,,,,,,,,,,,,
MNST UW Equity,6.38,6.73,3.03,16.14,0.40,0.42,0.19,,,,,,,,,,,,,,,,,,,,
MO UN Equity,8.14,8.29,2.65,19.08,0.43,0.43,0.14,,,,,,,,,,,,,,,,,,,,
MOS UN Equity,5.31,8.00,5.84,19.14,0.28,0.42,0.30,,,,,,,,,,,,,,,,,,,,
MPC UN Equity,4.88,6.95,5.81,17.64,0.28,0.39,0.33,,,,,,,,,,,,,,,,,,,,
MPWR UW Equity,5.06,6.41,2.49,13.96,0.36,0.46,0.18,,,,,,,,,,,,,,,,,,,,
MRK UN Equity,6.26,7.98,4.79,19.03,0.33,0.42,0.25,,,,,,,,,,,,,,,,,,,,
MRNA UW Equity,7.66,6.79,5.14,19.60,0.39,0.35,0.26,,,,,,,,,,,,,,,,,,,,
MRSH UN Equity,7.19,7.52,5.14,19.85,0.36,0.38,0.26,,,,,,,,,,,,,,,,,,,,
MS UN Equity,3.49,8.34,4.98,16.82,0.21,0.50,0.30,,,,,,,,,,,,,,,,,,,,
MSCI UN Equity,3.68,7.81,3.58,15.08,0.24,0.52,0.24,,,,,,,,,,,,,,,,,,,,
MSFT UW Equity,5.89,7.89,3.04,16.82,0.35,0.47,0.18,,,,,,,,,,,,,,,,,,,,
MSI UN Equity,2.47,7.92,2.15,12.54,0.20,0.63,0.17,,,,,,,,,,,,,,,,,,,,
MTB UN Equity,0.47,7.49,4.53,12.48,0.04,0.60,0.36,,,,,,,,,,,,,,,,,,,,
MTD UN Equity,1.50,7.76,7.81,17.07,0.09,0.45,0.46,,,,,,,,,,,,,,,,,,,,
MU UW Equity,4.50,8.15,5.48,18.13,0.25,0.45,0.30,,,,,,,,,,,,,,,,,,,,
NCLH UN Equity,6.30,7.83,1.72,15.85,0.40,0.49,0.11,,,,,,,,,,,,,,,,,,,,
NDAQ UW Equity,9.04,8.51,6.09,23.63,0.38,0.36,0.26,,,,,,,,,,,,,,,,,,,,
NDSN UW Equity,2.67,6.78,3.39,12.85,0.21,0.53,0.26,,,,,,,,,,,,,,,,,,,,
NEE UN Equity,6.50,7.79,5.42,19.71,0.33,0.40,0.28,,,,,,,,,,,,,,,,,,,,
NEM UN Equity,6.58,8.65,6.77,22.00,0.30,0.39,0.31,,,,,,,,,,,,,,,,,,,,
NFLX UW Equity,4.22,6.71,2.21,13.14,0.32,0.51,0.17,,,,,,,,,,,,,,,,,,,,
NI UN Equity,2.60,8.05,7.75,18.39,0.14,0.44,0.42,,,,,,,,,,,,,,,,,,,,
NKE UN Equity,5.90,7.23,2.81,15.94,0.37,0.45,0.18,,,,,,,,,,,,,,,,,,,,
NOC UN Equity,4.77,7.99,5.48,18.24,0.26,0.44,0.30,,,,,,,,,,,,,,,,,,,,
NOW UN Equity,5.91,7.08,4.61,17.61,0.34,0.40,0.26,,,,,,,,,,,,,,,,,,,,
NRG UN Equity,4.22,7.50,4.96,16.68,0.25,0.45,0.30,,,,,,,,,,,,,,,,,,,,
NSC UN Equity,4.00,8.05,3.67,15.72,0.25,0.51,0.23,,,,,,,,,,,,,,,,,,,,
NTAP UW Equity,4.97,7.43,3.73,16.13,0.31,0.46,0.23,,,,,,,,,,,,,,,,,,,,
NTRS UW Equity,1.17,7.29,4.87,13.32,0.09,0.55,0.37,,,,,,,,,,,,,,,,,,,,
NUE UN Equity,4.34,7.35,5.46,17.15,0.25,0.43,0.32,,,,,,,,,,,,,,,,,,,,
NVDA UW Equity,7.22,6.95,5.52,19.70,0.37,0.35,0.28,,,,,,,,,,,,,,,,,,,,
NVR UN Equity,3.46,7.31,6.14,16.91,0.20,0.43,0.36,,,,,,,,,,,,,,,,,,,,
NWS UW Equity,4.25,6.56,1.64,12.45,0.34,0.53,0.13,,,,,,,,,,,,,,,,,,,,
NWSA UW Equity,4.25,6.56,1.64,12.45,0.34,0.53,0.13,,,,,,,,,,,,,,,,,,,,
NXPI UW Equity,4.89,7.89,6.42,19.20,0.25,0.41,0.33,,,,,,,,,,,,,,,,,,,,
O UN Equity,2.66,7.12,5.37,15.15,0.18,0.47,0.35,,,,,,,,,,,,,,,,,,,,
ODFL UW Equity,3.21,7.32,2.18,12.71,0.25,0.58,0.17,,,,,,,,,,,,,,,,,,,,
OKE UN Equity,4.45,7.78,3.38,15.62,0.28,0.50,0.22,,,,,,,,,,,,,,,,,,,,
OMC UN Equity,5.77,8.14,4.16,18.07,0.32,0.45,0.23,,,,,,,,,,,,,,,,,,,,
ON UW Equity,3.95,7.41,6.23,17.60,0.22,0.42,0.35,,,,,,,,,,,,,,,,,,,,
ORCL UN Equity,5.37,6.99,1.90,14.26,0.38,0.49,0.13,,,,,,,,,,,,,,,,,,,,
ORLY UW Equity,1.84,7.61,3.11,12.56,0.15,0.61,0.25,,,,,,,,,,,,,,,,,,,,
OTIS UN Equity,4.76,7.42,7.88,20.05,0.24,0.37,0.39,,,,,,,,,,,,,,,,,,,,
OXY UN Equity,5.80,8.11,3.80,17.70,0.33,0.46,0.21,,,,,,,,,,,,,,,,,,,,
PANW UW Equity,6.52,5.44,4.55,16.52,0.39,0.33,0.28,,,,,,,,,,,,,,,,,,,,
PAYX UW Equity,4.75,7.89,6.46,19.11,0.25,0.41,0.34,,,,,,,,,,,,,,,,,,,,
PCAR UW Equity,5.59,6.83,1.85,14.28,0.39,0.48,0.13,,,,,,,,,,,,,,,,,,,,
PCG UN Equity,6.03,7.98,5.53,19.54,0.31,0.41,0.28,,,,,,,,,,,,,,,,,,,,
PEG UN Equity,6.40,8.13,4.80,19.34,0.33,0.42,0.25,,,,,,,,,,,,,,,,,,,,
PEP UW Equity,6.63,7.74,2.94,17.31,0.38,0.45,0.17,,,,,,,,,,,,,,,,,,,,
PFE UN Equity,5.71,7.57,4.83,18.11,0.32,0.42,0.27,,,,,,,,,,,,,,,,,,,,
PFG UW Equity,1.05,7.20,2.32,10.56,0.10,0.68,0.22,,,,,,,,,,,,,,,,,,,,
PG UN Equity,4.67,7.74,2.94,15.35,0.30,0.50,0.19,,,,,,,,,,,,,,,,,,,,
PGR UN Equity,0.16,7.43,2.64,10.23,0.02,0.73,0.26,,,,,,,,,,,,,,,,,,,,
PH UN Equity,7.29,7.94,4.66,19.89,0.37,0.40,0.23,,,,,,,,,,,,,,,,,,,,
PHM UN Equity,0.98,8.02,6.88,15.88,0.06,0.51,0.43,,,,,,,,,,,,,,,,,,,,
PKG UN Equity,4.19,6.94,6.80,17.93,0.23,0.39,0.38,,,,,,,,,,,,,,,,,,,,
PLD UN Equity,3.61,7.20,7.33,18.14,0.20,0.40,0.40,,,,,,,,,,,,,,,,,,,,
PLTR UW Equity,2.77,5.04,1.01,8.83,0.31,0.57,0.11,,,,,,,,,,,,,,,,,,,,
PM UN Equity,7.57,7.64,6.87,22.08,0.34,0.35,0.31,,,,,,,,,,,,,,,,,,,,
PNC UN Equity,1.50,7.07,6.88,15.45,0.10,0.46,0.45,,,,,,,,,,,,,,,,,,,,
PNR UN Equity,3.93,7.66,5.30,16.89,0.23,0.45,0.31,,,,,,,,,,,,,,,,,,,,
PNW UN Equity,4.26,8.47,5.04,17.77,0.24,0.48,0.28,,,,,,,,,,,,,,,,,,,,
PODD UW Equity,4.58,7.42,4.11,16.11,0.28,0.46,0.25,,,,,,,,,,,,,,,,,,,,
POOL UW Equity,6.00,7.55,6.75,20.29,0.30,0.37,0.33,,,,,,,,,,,,,,,,,,,,
PPG UN Equity,4.78,7.45,4.03,16.26,0.29,0.46,0.25,,,,,,,,,,,,,,,,,,,,
PPL UN Equity,3.90,8.53,5.70,18.14,0.22,0.47,0.31,,,,,,,,,,,,,,,,,,,,
PRU UN Equity,3.40,7.64,1.17,12.20,0.28,0.63,0.10,,,,,,,,,,,,,,,,,,,,
PSA UN Equity,3.03,7.66,8.26,18.96,0.16,0.40,0.44,,,,,,,,,,,,,,,,,,,,
PSKY UW Equity,#N/A,#N/A,#N/A,,,,,,,,,,,,,,,,,,,,,,,,
PSX UN Equity,3.43,6.44,6.17,16.03,0.21,0.40,0.38,,,,,,,,,,,,,,,,,,,,
PTC UW Equity,3.70,7.71,4.99,16.40,0.23,0.47,0.30,,,,,,,,,,,,,,,,,,,,
PWR UN Equity,2.59,7.10,4.39,14.09,0.18,0.50,0.31,,,,,,,,,,,,,,,,,,,,
PYPL UW Equity,7.19,8.31,2.61,18.12,0.40,0.46,0.14,,,,,,,,,,,,,,,,,,,,
Q UN Equity,#N/A,#N/A,#N/A,,,,,,,,,,,,,,,,,,,,,,,,
QCOM UW Equity,6.47,7.82,7.26,21.55,0.30,0.36,0.34,,,,,,,,,,,,,,,,,,,,
RCL UN Equity,5.41,7.28,3.39,16.08,0.34,0.45,0.21,,,,,,,,,,,,,,,,,,,,
REG UW Equity,3.86,7.81,6.69,18.36,0.21,0.43,0.36,,,,,,,,,,,,,,,,,,,,
REGN UW Equity,6.62,6.23,2.09,14.94,0.44,0.42,0.14,,,,,,,,,,,,,,,,,,,,
RF UN Equity,0.42,7.62,4.87,12.91,0.03,0.59,0.38,,,,,,,,,,,,,,,,,,,,
RJF UN Equity,0.26,7.70,2.35,10.32,0.03,0.75,0.23,,,,,,,,,,,,,,,,,,,,
RL UN Equity,5.55,6.64,5.28,17.47,0.32,0.38,0.30,,,,,,,,,,,,,,,,,,,,
RMD UN Equity,3.00,7.93,5.78,16.71,0.18,0.47,0.35,,,,,,,,,,,,,,,,,,,,
ROK UN Equity,5.17,6.71,8.17,20.05,0.26,0.33,0.41,,,,,,,,,,,,,,,,,,,,
ROL UN Equity,0.00,6.56,2.54,9.11,0.00,0.72,0.28,,,,,,,,,,,,,,,,,,,,
ROP UW Equity,4.71,7.72,3.57,16.00,0.29,0.48,0.22,,,,,,,,,,,,,,,,,,,,
ROST UW Equity,1.88,7.12,0.94,9.94,0.19,0.72,0.10,,,,,,,,,,,,,,,,,,,,
RSG UN Equity,5.06,7.61,6.01,18.68,0.27,0.41,0.32,,,,,,,,,,,,,,,,,,,,
RTX UN Equity,5.19,8.42,3.18,16.79,0.31,0.50,0.19,,,,,,,,,,,,,,,,,,,,
RVTY UN Equity,0.00,7.72,4.19,11.91,0.00,0.65,0.35,,,,,,,,,,,,,,,,,,,,
SATS UW Equity,0.00,6.07,0.62,6.68,0.00,0.91,0.09,,,,,,,,,,,,,,,,,,,,
SBAC UW Equity,3.19,7.12,5.53,15.84,0.20,0.45,0.35,,,,,,,,,,,,,,,,,,,,
SBUX UW Equity,5.56,7.74,1.98,15.28,0.36,0.51,0.13,,,,,,,,,,,,,,,,,,,,
SCHW UN Equity,0.51,5.93,3.93,10.37,0.05,0.57,0.38,,,,,,,,,,,,,,,,,,,,
SHW UN Equity,5.32,7.71,1.45,14.48,0.37,0.53,0.10,,,,,,,,,,,,,,,,,,,,
SJM UN Equity,4.76,7.76,3.22,15.75,0.30,0.49,0.20,,,,,,,,,,,,,,,,,,,,
SLB UN Equity,5.56,7.72,5.84,19.12,0.29,0.40,0.31,,,,,,,,,,,,,,,,,,,,
SMCI UW Equity,2.00,6.27,2.08,10.35,0.19,0.61,0.20,,,,,,,,,,,,,,,,,,,,
SNA UN Equity,1.71,5.81,2.26,9.79,0.17,0.59,0.23,,,,,,,,,,,,,,,,,,,,
SNDK UW Equity,#N/A,#N/A,#N/A,#N/A,#N/A,#N/A,#N/A,,,,,,,,,,,,,,,,,,,,
SNPS UW Equity,6.10,6.61,6.08,18.79,0.32,0.35,0.32,,,,,,,,,,,,,,,,,,,,
SO UN Equity,5.17,8.09,4.73,17.99,0.29,0.45,0.26,,,,,,,,,,,,,,,,,,,,
SOLV UN Equity,0.00,5.31,3.30,8.61,0.00,0.62,0.38,,,,,,,,,,,,,,,,,,,,
SPG UN Equity,2.00,5.72,6.19,13.91,0.14,0.41,0.44,,,,,,,,,,,,,,,,,,,,
SPGI UN Equity,6.50,8.17,4.58,19.25,0.34,0.42,0.24,,,,,,,,,,,,,,,,,,,,
SRE UN Equity,4.98,7.70,6.90,19.57,0.25,0.39,0.35,,,,,,,,,,,,,,,,,,,,
STE UN Equity,1.50,7.40,6.63,15.53,0.10,0.48,0.43,,,,,,,,,,,,,,,,,,,,
STLD UW Equity,6.96,7.52,3.96,18.44,0.38,0.41,0.21,,,,,,,,,,,,,,,,,,,,
STT UN Equity,3.25,8.19,6.56,18.00,0.18,0.45,0.36,,,,,,,,,,,,,,,,,,,,
STX UW Equity,2.00,7.09,5.21,14.29,0.14,0.50,0.36,,,,,,,,,,,,,,,,,,,,
STZ UN Equity,1.88,7.32,4.39,13.60,0.14,0.54,0.32,,,,,,,,,,,,,,,,,,,,
SW UN Equity,2.66,8.26,2.54,13.46,0.20,0.61,0.19,,,,,,,,,,,,,,,,,,,,
SWK UN Equity,5.38,8.00,2.69,16.07,0.33,0.50,0.17,,,,,,,,,,,,,,,,,,,,
SWKS UW Equity,5.08,7.43,5.32,17.84,0.29,0.42,0.30,,,,,,,,,,,,,,,,,,,,
SYF UN Equity,7.07,8.03,2.25,17.34,0.41,0.46,0.13,,,,,,,,,,,,,,,,,,,,
SYK UN Equity,1.50,7.25,3.63,12.38,0.12,0.59,0.29,,,,,,,,,,,,,,,,,,,,
SYY UN Equity,2.49,8.05,2.74,13.29,0.19,0.61,0.21,,,,,,,,,,,,,,,,,,,,
T UN Equity,5.88,8.19,3.77,17.84,0.33,0.46,0.21,,,,,,,,,,,,,,,,,,,,
TAP UN Equity,4.07,7.06,2.59,13.72,0.30,0.51,0.19,,,,,,,,,,,,,,,,,,,,
TDG UN Equity,2.96,7.41,2.40,12.77,0.23,0.58,0.19,,,,,,,,,,,,,,,,,,,,
TDY UN Equity,0.00,6.39,1.97,8.36,0.00,0.76,0.24,,,,,,,,,,,,,,,,,,,,
TECH UW Equity,1.50,7.81,4.39,13.70,0.11,0.57,0.32,,,,,,,,,,,,,,,,,,,,
TEL UN Equity,4.18,7.25,2.72,14.15,0.30,0.51,0.19,,,,,,,,,,,,,,,,,,,,
TER UW Equity,4.71,7.63,5.39,17.72,0.27,0.43,0.30,,,,,,,,,,,,,,,,,,,,
TFC UN Equity,0.91,7.39,4.27,12.57,0.07,0.59,0.34,,,,,,,,,,,,,,,,,,,,
TGT UN Equity,6.09,7.16,3.29,16.54,0.37,0.43,0.20,,,,,,,,,,,,,,,,,,,,
TJX UN Equity,1.88,7.26,2.59,11.73,0.16,0.62,0.22,,,,,,,,,,,,,,,,,,,,
TKO UN Equity,0.00,6.58,1.25,7.83,0.00,0.84,0.16,,,,,,,,,,,,,,,,,,,,
TMO UN Equity,1.50,7.36,3.53,12.39,0.12,0.59,0.29,,,,,,,,,,,,,,,,,,,,
TMUS UW Equity,7.13,6.70,4.54,18.37,0.39,0.36,0.25,,,,,,,,,,,,,,,,,,,,
TPL UN Equity,1.25,7.61,4.50,13.36,0.09,0.57,0.34,,,,,,,,,,,,,,,,,,,,
TPR UN Equity,1.88,7.91,4.30,14.09,0.13,0.56,0.31,,,,,,,,,,,,,,,,,,,,
TRGP UN Equity,4.32,7.41,3.58,15.31,0.28,0.48,0.23,,,,,,,,,,,,,,,,,,,,
TRMB UW Equity,2.67,7.38,7.02,17.07,0.16,0.43,0.41,,,,,,,,,,,,,,,,,,,,
TROW UW Equity,4.45,7.29,9.05,20.79,0.21,0.35,0.44,,,,,,,,,,,,,,,,,,,,
TRV UN Equity,1.05,7.95,2.02,11.02,0.10,0.72,0.18,,,,,,,,,,,,,,,,,,,,
TSCO UW Equity,4.18,8.53,6.54,19.26,0.22,0.44,0.34,,,,,,,,,,,,,,,,,,,,
TSLA UW Equity,4.25,5.54,5.05,14.84,0.29,0.37,0.34,,,,,,,,,,,,,,,,,,,,
TSN UN Equity,1.19,7.19,1.20,9.58,0.12,0.75,0.13,,,,,,,,,,,,,,,,,,,,
TT UN Equity,5.42,7.92,1.73,15.07,0.36,0.53,0.11,,,,,,,,,,,,,,,,,,,,
TTD UQ Equity,0.00,6.23,0.91,7.14,0.00,0.87,0.13,,,,,,,,,,,,,,,,,,,,
TTWO UW Equity,4.51,6.71,1.63,12.85,0.35,0.52,0.13,,,,,,,,,,,,,,,,,,,,
TXN UW Equity,5.22,7.29,6.69,19.20,0.27,0.38,0.35,,,,,,,,,,,,,,,,,,,,
TXT UN Equity,5.89,7.31,2.40,15.60,0.38,0.47,0.15,,,,,,,,,,,,,,,,,,,,
TYL UN Equity,4.40,6.93,4.50,15.83,0.28,0.44,0.28,,,,,,,,,,,,,,,,,,,,
UAL UW Equity,8.00,7.97,0.87,16.84,0.48,0.47,0.05,,,,,,,,,,,,,,,,,,,,
UBER UN Equity,6.99,7.56,5.83,20.38,0.34,0.37,0.29,,,,,,,,,,,,,,,,,,,,
UDR UN Equity,5.14,7.61,7.09,19.84,0.26,0.38,0.36,,,,,,,,,,,,,,,,,,,,
UHS UN Equity,1.04,4.75,1.18,6.97,0.15,0.68,0.17,,,,,,,,,,,,,,,,,,,,
ULTA UW Equity,5.24,7.56,7.50,20.29,0.26,0.37,0.37,,,,,,,,,,,,,,,,,,,,
UNH UN Equity,5.97,7.47,5.72,19.16,0.31,0.39,0.30,,,,,,,,,,,,,,,,,,,,
UNP UN Equity,3.79,8.15,3.14,15.08,0.25,0.54,0.21,,,,,,,,,,,,,,,,,,,,
UPS UN Equity,2.03,7.00,2.66,11.69,0.17,0.60,0.23,,,,,,,,,,,,,,,,,,,,
URI UN Equity,1.73,7.94,1.27,10.94,0.16,0.73,0.12,,,,,,,,,,,,,,,,,,,,
USB UN Equity,1.79,7.96,6.45,16.20,0.11,0.49,0.40,,,,,,,,,,,,,,,,,,,,
V UN Equity,7.85,7.92,3.64,19.40,0.40,0.41,0.19,,,,,,,,,,,,,,,,,,,,
VICI UN Equity,2.25,7.96,4.23,14.44,0.16,0.55,0.29,,,,,,,,,,,,,,,,,,,,
VLO UN Equity,3.56,7.93,5.79,17.28,0.21,0.46,0.34,,,,,,,,,,,,,,,,,,,,
VLTO UN Equity,4.38,6.55,3.77,14.70,0.30,0.45,0.26,,,,,,,,,,,,,,,,,,,,
VMC UN Equity,4.04,6.34,2.67,13.06,0.31,0.49,0.20,,,,,,,,,,,,,,,,,,,,
VRSK UW Equity,3.81,7.62,2.44,13.86,0.27,0.55,0.18,,,,,,,,,,,,,,,,,,,,
VRSN UW Equity,0.00,7.15,3.37,10.52,0.00,0.68,0.32,,,,,,,,,,,,,,,,,,,,
VRT UN Equity,1.35,5.71,9.59,16.65,0.08,0.34,0.58,,,,,,,,,,,,,,,,,,,,
VRTX UW Equity,8.39,7.83,5.16,21.38,0.39,0.37,0.24,,,,,,,,,,,,,,,,,,,,
VST UN Equity,4.39,8.39,3.15,15.94,0.28,0.53,0.20,,,,,,,,,,,,,,,,,,,,
VTR UN Equity,4.13,7.31,7.93,19.37,0.21,0.38,0.41,,,,,,,,,,,,,,,,,,,,
VTRS UW Equity,5.69,7.79,2.49,15.97,0.36,0.49,0.16,,,,,,,,,,,,,,,,,,,,
VZ UN Equity,6.87,7.85,3.79,18.51,0.37,0.42,0.20,,,,,,,,,,,,,,,,,,,,
WAB UN Equity,4.35,6.84,3.21,14.40,0.30,0.48,0.22,,,,,,,,,,,,,,,,,,,,
WAT UN Equity,3.00,7.70,5.01,15.71,0.19,0.49,0.32,,,,,,,,,,,,,,,,,,,,
WBD UW Equity,3.62,6.20,1.82,11.65,0.31,0.53,0.16,,,,,,,,,,,,,,,,,,,,
WDAY UW Equity,4.38,6.48,3.64,14.50,0.30,0.45,0.25,,,,,,,,,,,,,,,,,,,,
WDC UW Equity,3.00,7.22,5.06,15.28,0.20,0.47,0.33,,,,,,,,,,,,,,,,,,,,
WEC UN Equity,5.34,7.76,6.14,19.23,0.28,0.40,0.32,,,,,,,,,,,,,,,,,,,,
WELL UN Equity,3.02,7.87,8.94,19.83,0.15,0.40,0.45,,,,,,,,,,,,,,,,,,,,
WFC UN Equity,3.14,7.66,2.66,13.46,0.23,0.57,0.20,,,,,,,,,,,,,,,,,,,,
WM UN Equity,3.77,7.97,1.81,13.55,0.28,0.59,0.13,,,,,,,,,,,,,,,,,,,,
WMB UN Equity,6.20,7.40,4.32,17.92,0.35,0.41,0.24,,,,,,,,,,,,,,,,,,,,
WMT UW Equity,5.25,7.52,2.60,15.37,0.34,0.49,0.17,,,,,,,,,,,,,,,,,,,,
WRB UN Equity,0.29,6.23,0.99,7.51,0.04,0.83,0.13,,,,,,,,,,,,,,,,,,,,
WSM UN Equity,5.14,8.15,5.80,19.09,0.27,0.43,0.30,,,,,,,,,,,,,,,,,,,,
WST UN Equity,0.00,6.86,1.76,8.63,0.00,0.80,0.20,,,,,,,,,,,,,,,,,,,,
WTW UW Equity,6.94,7.75,2.84,17.52,0.40,0.44,0.16,,,,,,,,,,,,,,,,,,,,
WY UN Equity,6.66,7.46,3.59,17.72,0.38,0.42,0.20,,,,,,,,,,,,,,,,,,,,
WYNN UW Equity,3.21,6.89,4.79,14.89,0.22,0.46,0.32,,,,,,,,,,,,,,,,,,,,
XEL UW Equity,4.74,7.68,5.89,18.31,0.26,0.42,0.32,,,,,,,,,,,,,,,,,,,,
XOM UN Equity,5.01,7.80,4.23,17.04,0.29,0.46,0.25,,,,,,,,,,,,,,,,,,,,
XYL UN Equity,5.99,8.05,5.53,19.57,0.31,0.41,0.28,,,,,,,,,,,,,,,,,,,,
XYZ UN Equity,4.17,5.38,1.55,11.11,0.38,0.48,0.14,,,,,,,,,,,,,,,,,,,,
YUM UN Equity,4.18,7.89,4.11,16.18,0.26,0.49,0.25,,,,,,,,,,,,,,,,,,,,
ZBH UN Equity,2.67,7.91,4.51,15.09,0.18,0.52,0.30,,,,,,,,,,,,,,,,,,,,
ZBRA UW Equity,2.84,6.45,3.91,13.20,0.22,0.49,0.30,,,,,,,,,,,,,,,,,,,,
ZTS UN Equity,6.33,7.46,4.88,18.68,0.34,0.40,0.26,,,,,,,,,,,,,,,,,,,,